{
  "model": "claude-haiku-4-5",
  "digits": {
    "n": 100,
    "true": 13,
    "distinct": {
      "13.0": 100
    },
    "n_correct": 100,
    "error_rate": 0.0
  },
  "zeta": {
    "true_complex": "(0.000000017674298356433245354517983702553163385619509836552 - 0.00000011102028894857664356480441909730415983541551466285j)",
    "true_abs": 1.1241834983941753e-07,
    "distinct": {
      "2.681": 15,
      "2.687": 5
    },
    "n": 20,
    "mean_rel_err": 23861761.815694947,
    "min": 23848418.798277047,
    "max": 23901790.86794868
  },
  "bessel_true": 3540200.2090195213,
  "bessel_sweep": {
    "0.0": {
      "n": 20,
      "mean_rel_err": 97.86446509671676,
      "min": 97.8644650967168,
      "max": 97.8644650967168
    },
    "0.2": {
      "n": 20,
      "mean_rel_err": 97.86446509671676,
      "min": 97.8644650967168,
      "max": 97.8644650967168
    },
    "0.4": {
      "n": 20,
      "mean_rel_err": 97.86446509671676,
      "min": 97.8644650967168,
      "max": 97.8644650967168
    },
    "0.6": {
      "n": 20,
      "mean_rel_err": 93.08683577620373,
      "min": 0.8995291850743918,
      "max": 99.27681459809847
    },
    "0.8": {
      "n": 20,
      "mean_rel_err": 5013850846.337309,
      "min": 0.8995291850743918,
      "max": 100276814597.09846
    },
    "1.0": {
      "n": 20,
      "mean_rel_err": 5487119112.086633,
      "min": 8.88644650967168,
      "max": 98864465095.7168
    }
  }
}